temp_mean,precipitation,wind_speed,raceId
17.0,0.0,16.6,1
25.4,20.3,9.3,2
18.4,24.0,32.3,3
28.5,0.0,32.7,4
17.8,0.3,14.6,5
23.2,0.0,6.9,6
23.2,0.0,13.5,7
13.3,0.0,17.1,8
14.3,1.0,20.2,9
19.5,0.0,19.9,10
26.9,0.0,20.2,11
12.8,0.0,15.7,12
20.2,0.3,6.7,13
27.9,3.1,14.2,14
19.7,0.0,9.4,15
19.1,24.5,11.0,16
28.3,0.0,18.4,17
28.3,0.0,23.1,18
25.1,14.5,7.9,19
23.6,0.0,24.3,20
15.4,0.0,12.8,21
12.2,0.0,16.9,22
18.0,6.8,17.4,23
23.9,4.5,22.3,24
22.8,0.5,10.3,25
14.2,11.8,31.1,26
17.8,0.0,19.3,27
23.0,0.0,12.6,28
25.4,0.0,23.0,29
13.1,2.1,27.0,30
14.6,10.7,10.0,31
28.1,0.0,14.1,32
14.0,0.0,6.8,33
22.3,0.9,8.8,34
21.0,8.8,17.3,35
16.0,0.0,15.9,36
26.1,3.6,7.6,37
24.1,0.0,31.6,38
18.9,0.0,21.4,39
18.5,3.3,12.8,40
19.6,0.4,8.7,41
27.9,0.0,10.0,42
18.5,4.2,10.5,43
13.2,0.0,14.0,44
14.3,0.0,21.2,45
20.6,0.0,20.0,46
27.1,0.0,20.5,47
19.2,0.0,9.4,48
14.0,0.0,17.6,49
14.0,21.1,8.9,50
25.6,35.6,26.9,51
24.3,2.0,17.6,52
19.0,0.0,34.9,53
26.0,9.8,11.6,54
13.6,0.0,22.4,55
17.2,0.0,12.9,56
12.9,0.0,18.2,57
18.3,0.0,16.6,58
20.8,0.0,11.6,59
19.7,0.0,12.5,60
21.1,0.0,9.1,61
26.9,0.0,19.9,62
27.2,0.0,11.1,63
25.2,0.1,15.2,64
16.3,2.8,17.1,65
27.0,0.0,12.4,66
20.2,0.0,8.4,67
22.0,0.5,9.3,68
17.5,0.0,35.5,69
15.0,0.5,18.3,70
14.9,0.0,19.3,71
28.1,0.1,15.3,72
26.8,0.0,33.5,73
13.7,1.6,11.8,74
16.3,0.0,16.3,75
18.9,0.1,9.6,76
16.8,0.0,12.7,77
25.6,0.5,16.0,78
19.2,0.0,11.5,79
22.7,0.0,11.1,80
19.2,0.0,13.9,81
18.8,2.2,15.6,82
27.6,1.5,13.3,83
22.8,0.5,11.5,84
20.5,2.2,13.4,85
16.3,6.3,12.9,86
18.9,22.2,18.5,87
20.9,0.7,13.1,88
17.1,0.0,9.4,89
16.0,0.0,19.2,90
26.6,5.1,12.8,91
25.1,0.0,37.0,92
12.1,9.2,25.3,93
12.3,0.0,18.0,94
16.6,2.4,9.4,95
13.3,1.0,14.5,96
18.6,0.0,16.2,97
17.5,0.0,11.6,98
19.1,0.0,12.3,99
13.1,0.5,16.8,100
20.2,0.0,13.9,101
19.3,0.0,21.7,102
15.0,0.2,22.3,103
19.6,4.2,9.0,104
22.6,0.9,16.7,105
21.5,1.8,20.5,106
21.4,6.8,26.7,107
16.2,1.1,25.4,108
27.2,1.9,9.9,109
19.3,14.6,12.6,110
12.9,0.0,12.2,111
17.4,0.0,16.3,112
13.4,4.6,5.7,113
20.4,1.1,6.8,114
15.6,0.2,18.6,115
17.6,0.0,7.8,116
18.2,0.0,11.3,117
18.0,0.0,23.5,118
28.4,0.0,9.0,119
23.2,0.0,19.9,120
17.1,0.5,10.4,121
10.5,2.9,17.9,122
20.5,6.2,10.0,123
16.5,1.0,21.3,124
26.5,8.8,12.1,125
23.0,0.0,12.6,126
12.2,0.6,11.0,127
15.2,0.0,19.7,128
13.0,8.0,8.1,129
18.6,0.2,9.8,130
18.7,0.1,26.0,131
15.9,0.0,12.3,132
14.8,0.4,19.7,133
20.0,0.0,13.5,134
22.1,0.0,11.5,135
21.9,0.0,12.5,136
13.1,0.0,18.2,137
16.6,0.0,14.1,138
19.5,0.0,11.3,139
18.6,0.0,16.1,140
20.3,0.0,21.7,141
26.3,1.6,15.5,142
21.4,9.3,7.9,143
7.1,0.0,18.6,144
13.9,0.0,21.3,145
12.4,0.0,9.4,146
21.8,0.0,7.8,147
19.4,0.1,17.3,148
15.5,0.0,8.6,149
19.7,0.0,13.3,150
12.6,0.1,11.9,151
24.3,0.0,12.2,152
24.2,0.2,8.7,153
12.2,1.4,20.2,154
14.7,0.0,11.7,155
14.3,0.0,11.4,156
17.6,0.0,13.5,157
22.2,0.0,14.2,158
20.7,0.8,13.0,159
11.5,1.2,10.8,160
8.6,0.8,14.1,161
17.1,1.7,14.5,162
7.8,5.1,17.2,163
22.5,0.0,9.2,164
14.2,1.9,11.3,165
22.2,0.4,17.7,166
11.8,0.1,15.0,167
16.8,4.4,11.8,168
24.2,0.2,11.4,169
15.5,5.5,14.1,170
19.1,0.0,6.9,171
14.5,10.5,18.5,172
19.1,7.5,23.1,173
26.4,0.1,15.5,174
16.7,1.4,17.4,175
18.4,0.0,15.6,176
17.6,0.3,12.3,177
18.4,2.2,7.8,178
21.1,0.0,17.4,179
24.9,0.0,17.7,180
17.2,7.7,19.5,181
17.7,0.0,23.2,182
15.6,0.0,7.2,183
22.0,0.0,10.9,184
17.8,0.4,15.8,185
15.3,0.0,12.1,186
20.7,0.0,6.5,187
13.1,5.6,23.1,188
25.7,3.2,9.7,189
15.0,0.0,10.8,190
16.2,0.0,20.5,191
21.8,8.2,12.0,192
17.9,13.5,24.6,193
18.2,0.0,10.5,194
16.4,0.0,11.2,195
17.2,1.4,11.1,196
12.1,0.2,13.0,197
17.7,0.0,14.4,198
15.9,1.5,36.8,199
19.2,4.4,6.1,200
17.3,5.1,8.7,201
22.9,0.0,9.3,202
11.4,2.8,14.5,203
14.1,1.2,11.4,204
13.1,0.4,19.0,205
16.2,0.0,11.6,206
15.8,0.0,21.3,207
17.0,0.1,12.8,208
22.7,0.0,16.3,209
13.6,6.1,19.8,210
15.2,5.0,18.1,211
19.1,0.9,30.4,212
17.4,0.0,21.5,213
15.7,15.8,18.1,214
17.2,1.0,22.0,215
19.6,0.4,19.2,216
20.8,0.0,16.9,217
22.8,0.1,16.6,218
22.4,2.0,7.5,219
10.5,0.0,6.5,220
13.6,0.0,6.1,221
15.2,0.0,24.3,222
20.2,0.8,14.5,223
17.6,0.0,10.4,224
23.5,3.7,10.2,225
15.2,0.0,16.8,226
10.0,1.6,19.1,227
14.5,0.0,14.8,228
15.9,12.9,10.8,229
15.1,20.1,15.3,230
17.9,0.0,11.3,231
16.4,0.0,14.8,232
18.7,0.5,15.3,233
20.9,0.5,4.9,234
20.0,0.0,20.8,235
14.2,1.4,23.5,236
14.1,0.0,9.2,237
16.8,0.1,22.1,238
18.8,3.1,6.3,239
18.1,1.5,18.4,240
17.0,62.7,21.7,241
13.9,8.3,10.5,242
12.7,0.0,15.1,243
18.8,0.0,6.8,244
19.8,7.3,18.8,245
21.5,4.8,13.6,246
16.6,2.0,16.9,247
22.9,0.0,13.9,248
21.4,0.0,7.7,249
13.9,3.3,24.8,250
16.3,2.4,9.4,251
17.7,0.0,33.5,252
8.8,1.9,19.1,253
15.7,0.0,13.0,254
15.6,17.5,21.7,255
18.7,0.0,19.1,256
18.0,3.2,18.2,257
14.1,0.0,13.3,258
18.2,0.0,11.9,259
15.9,0.0,9.4,260
19.4,0.0,15.8,261
18.9,20.0,18.3,262
25.5,0.1,9.1,263
17.4,0.0,19.8,264
25.1,0.0,12.0,265
18.9,2.9,19.8,266
14.2,5.2,23.8,267
18.4,0.0,6.6,268
16.0,0.2,12.8,269
20.1,0.0,13.8,270
16.3,21.9,12.5,271
13.7,0.0,16.5,272
20.9,0.1,9.2,273
20.7,20.3,10.0,274
7.3,7.4,23.5,275
14.0,0.9,6.9,276
15.4,0.0,12.4,277
17.5,0.0,8.2,278
22.1,0.0,12.8,279
22.0,0.0,7.7,280
11.1,0.7,18.5,281
19.6,1.5,26.1,282
25.8,0.0,16.8,283
11.4,0.0,10.1,284
16.4,0.0,6.8,285
16.0,0.0,33.9,286
13.2,0.0,29.5,287
16.6,3.8,15.4,288
23.7,0.0,26.5,289
17.9,0.1,9.2,290
21.4,0.0,7.3,291
12.4,2.1,23.6,292
21.9,0.0,6.8,293
20.2,0.0,10.9,294
19.1,0.6,16.5,295
15.5,3.0,13.5,296
15.4,1.9,25.1,297
21.9,0.0,8.2,298
20.5,1.1,12.4,299
13.2,3.2,34.4,300
19.2,0.0,8.0,301
16.0,0.2,18.5,302
15.0,0.0,25.8,303
19.7,8.1,36.3,304
17.9,0.0,8.2,305
20.0,6.7,15.3,306
11.2,4.1,11.4,307
14.2,0.9,8.0,308
18.4,0.0,17.1,309
17.1,6.0,6.0,310
20.0,3.5,8.7,311
15.7,0.0,18.1,312
20.6,0.0,17.0,313
22.1,0.0,14.3,314
15.7,0.0,10.5,315
19.8,2.9,20.1,316
20.6,0.0,23.1,317
17.7,4.7,21.2,318
14.9,0.0,15.3,319
18.3,18.9,24.3,320
13.3,4.2,29.0,321
21.8,0.0,18.5,322
18.2,0.0,7.7,323
17.3,8.6,10.2,324
15.5,20.4,21.3,325
15.1,18.3,10.0,326
22.2,0.0,21.7,327
18.9,0.3,13.5,328
25.5,0.4,13.5,329
20.0,0.0,8.8,330
,,,331
17.1,0.0,7.5,332
18.9,0.7,21.4,333
23.1,1.8,12.7,334
16.7,0.0,8.0,335
22.9,0.0,8.3,336
23.0,0.0,15.8,337
20.8,4.3,25.4,338
26.6,3.2,11.9,339
15.8,3.1,26.4,340
14.7,0.5,18.7,341
15.7,1.4,12.2,342
21.8,0.0,10.9,343
19.5,0.0,11.2,344
24.6,0.0,13.9,345
19.1,0.1,25.7,346
17.1,0.0,10.4,347
22.2,0.2,11.4,348
11.0,10.0,28.9,349
17.4,0.0,7.6,350
27.0,18.9,9.2,351
21.1,12.6,22.2,352
17.4,27.8,16.7,353
18.4,0.1,15.3,354
26.7,0.4,19.9,355
27.4,0.0,12.4,356
11.2,0.1,12.2,357
16.9,0.0,19.5,358
16.8,0.0,10.2,359
30.3,0.0,15.6,360
16.9,5.1,20.7,361
23.2,0.0,25.6,362
17.1,0.0,19.6,363
20.9,1.7,22.7,364
20.2,0.1,15.9,365
13.0,12.1,26.5,366
17.1,0.0,8.7,367
17.9,0.0,21.1,368
23.0,0.3,27.0,369
14.9,11.5,8.8,370
16.5,9.9,25.5,371
23.2,6.5,13.4,372
14.7,0.2,8.7,373
16.9,4.1,9.1,374
18.4,0.1,16.0,375
22.8,0.0,25.1,376
26.4,0.0,21.3,377
18.2,0.6,22.8,378
15.5,3.8,34.8,379
21.2,1.5,16.1,380
18.8,0.0,7.5,381
19.0,2.5,26.7,382
19.3,0.0,7.0,383
18.5,0.0,16.9,384
23.8,0.0,27.4,385
10.4,0.0,32.9,386
25.2,0.5,26.1,387
27.7,0.0,17.7,388
18.1,0.0,26.4,389
6.7,0.0,14.1,390
17.9,0.3,8.4,391
23.6,16.3,15.1,392
24.2,1.9,10.5,393
16.0,0.3,14.5,394
13.5,0.4,16.7,395
17.3,0.9,13.1,396
16.4,0.0,15.6,397
20.2,7.5,8.8,398
20.3,8.2,23.7,399
20.9,0.2,8.2,400
15.5,0.0,10.3,401
14.1,0.4,19.5,402
24.1,0.0,17.6,403
25.0,0.0,18.6,404
10.7,0.0,15.4,405
12.6,17.4,14.8,406
17.3,0.0,9.2,407
12.3,0.0,16.6,408
19.3,0.0,19.9,409
24.8,1.5,28.7,410
21.0,0.5,31.4,411
15.9,0.7,12.2,412
20.9,0.0,7.2,413
23.0,0.0,6.9,414
20.2,0.8,5.8,415
18.0,0.0,7.3,416
20.4,1.8,14.8,417
16.8,0.0,9.7,418
11.7,1.1,15.9,419
26.7,0.5,12.1,420
13.0,4.0,28.1,421
11.4,10.1,8.9,422
15.5,1.2,11.0,423
16.6,1.2,12.2,424
22.2,0.0,31.7,425
22.6,0.2,12.1,426
12.6,0.9,21.3,427
11.2,1.9,21.5,428
15.1,19.9,12.5,429
14.5,1.6,34.2,430
18.0,0.0,7.2,431
11.1,11.2,21.9,432
14.7,0.2,33.6,433
18.0,0.1,11.7,434
20.6,0.0,14.0,435
24.4,0.0,16.2,436
19.3,0.0,9.4,437
8.8,0.0,21.6,438
16.6,0.0,11.2,439
10.4,0.9,12.0,440
16.2,26.8,15.2,441
19.6,0.0,12.0,442
21.4,0.2,28.4,443
31.7,0.0,18.2,444
17.2,0.0,11.5,445
18.9,1.1,14.2,446
15.6,0.0,11.2,447
17.5,0.0,17.0,448
14.8,0.0,6.5,449
7.4,0.0,20.2,450
15.5,0.0,22.2,451
27.1,9.4,17.0,452
13.5,0.1,19.1,453
11.6,0.6,33.9,454
17.1,0.3,28.6,455
18.2,6.3,14.4,456
9.4,0.7,12.2,457
18.1,0.0,18.6,458
21.3,0.0,22.1,459
22.9,0.5,11.7,460
17.3,1.9,10.8,461
14.3,0.0,11.0,462
16.4,0.4,26.9,463
17.8,32.6,18.1,464
13.4,0.0,17.7,465
17.5,0.0,15.2,466
18.8,0.8,12.9,467
25.1,0.7,12.8,468
13.8,0.0,22.8,469
9.6,0.0,24.7,470
9.4,3.6,13.7,471
18.3,0.4,18.1,472
17.6,0.0,25.5,473
15.3,3.6,25.9,474
15.8,5.8,23.8,475
18.0,0.0,13.8,476
21.3,0.0,34.1,477
19.3,3.0,12.6,478
20.0,0.4,10.2,479
14.9,0.0,13.0,480
20.9,0.6,7.3,481
28.8,0.0,15.6,482
13.8,0.0,18.1,483
23.8,8.7,13.5,484
19.7,0.0,13.0,485
12.1,3.2,9.1,486
12.1,4.3,18.6,487
19.3,0.0,12.8,488
24.6,0.0,14.3,489
15.9,0.0,6.8,490
12.9,1.0,19.2,491
22.1,0.6,11.3,492
20.3,0.0,5.6,493
15.4,0.0,13.7,494
19.1,9.3,7.4,495
16.7,14.9,22.4,496
16.1,0.0,16.1,497
24.8,0.0,21.3,498
20.9,9.2,11.4,499
19.3,0.0,8.9,500
14.7,0.0,14.8,501
8.5,3.1,24.0,502
12.5,5.9,9.2,503
17.3,0.0,31.4,504
13.3,8.8,16.2,505
18.2,0.6,8.6,506
17.2,1.9,10.9,507
15.6,2.2,41.4,508
19.9,1.0,8.1,509
8.2,0.0,26.5,510
6.8,0.0,10.5,511
24.5,0.0,20.7,512
19.5,3.9,16.0,513
19.7,3.5,23.1,514
14.3,0.0,18.9,515
9.5,0.0,20.2,516
13.2,0.0,8.8,517
17.5,2.1,9.2,518
12.4,0.0,16.2,519
15.1,0.0,16.7,520
23.0,0.1,16.2,521
12.1,2.4,10.7,522
14.0,2.6,29.6,523
19.4,0.0,7.2,524
16.6,0.0,17.0,525
8.9,0.2,20.6,526
23.4,0.0,23.0,527
30.0,0.0,12.3,528
18.1,1.7,9.8,529
14.0,0.4,19.5,530
12.5,3.0,6.2,531
10.4,0.0,10.0,532
19.3,0.0,13.2,533
12.2,0.0,18.8,534
18.1,0.0,20.3,535
14.7,0.0,13.1,536
23.9,0.0,11.6,537
12.6,5.6,5.5,538
14.4,1.0,35.5,539
20.3,0.0,7.4,540
13.0,5.8,19.8,541
5.0,0.2,24.5,542
28.1,0.5,20.4,543
20.5,2.0,15.5,544
17.2,2.0,20.8,545
14.2,0.0,23.6,546
14.7,0.0,10.4,547
16.2,0.4,8.6,548
12.7,4.7,27.5,549
18.3,0.1,12.0,550
20.2,0.0,15.9,551
15.2,0.8,17.4,552
19.1,11.1,28.1,553
14.1,3.0,7.2,554
15.1,0.6,23.8,555
16.9,0.0,5.9,556
9.1,1.7,13.6,557
11.3,20.0,25.1,558
13.0,0.0,12.2,559
23.9,1.2,25.9,560
19.2,1.5,16.9,561
14.5,0.0,22.1,562
12.0,0.0,8.7,563
14.3,0.0,18.3,564
18.4,1.6,8.3,565
13.5,6.5,18.0,566
20.9,0.7,16.6,567
18.4,0.0,20.2,568
10.0,2.3,17.7,569
13.9,7.7,5.7,570
18.6,0.4,17.1,571
13.7,0.6,7.4,572
14.4,0.0,14.6,573
5.1,0.1,27.2,574
15.7,14.2,13.3,575
21.6,4.4,16.0,576
24.2,2.4,12.3,577
17.9,6.1,12.6,578
15.0,0.0,23.4,579
13.3,14.6,19.1,580
11.8,0.2,17.3,581
17.2,0.0,11.5,582
17.5,2.1,32.0,583
19.5,0.0,21.4,584
16.4,3.3,16.5,585
19.6,0.0,10.0,586
16.9,3.3,6.2,587
18.1,14.2,6.8,588
12.1,0.0,18.4,589
25.4,0.7,25.6,590
22.7,2.3,27.9,591
17.5,0.2,22.9,592
8.7,7.1,8.2,593
12.6,0.0,20.6,594
15.8,0.0,9.0,595
10.4,0.0,14.3,596
16.5,0.0,22.2,597
14.1,0.0,14.4,598
17.3,1.0,21.6,599
17.2,10.0,17.8,600
22.8,0.0,10.8,601
17.2,0.0,6.4,602
7.8,0.0,20.5,603
14.5,0.0,15.6,604
22.8,0.0,28.9,605
25.9,0.0,26.0,606
20.2,8.4,14.1,607
14.6,0.0,16.3,608
16.1,8.0,17.1,609
18.5,0.0,9.0,610
14.4,0.0,8.9,611
21.6,0.0,14.5,612
16.3,3.1,13.3,613
16.7,0.0,23.1,614
15.4,0.0,30.1,615
19.6,0.0,7.8,616
21.3,0.0,6.9,617
13.3,8.3,20.2,618
11.6,1.7,8.9,619
25.1,0.0,16.7,620
18.2,5.7,9.8,621
8.3,16.7,19.1,622
11.8,7.8,13.1,623
16.3,1.4,22.9,624
9.9,0.6,14.3,625
14.6,0.0,20.2,626
13.2,0.1,10.0,627
22.1,0.5,6.5,628
17.4,18.2,15.5,629
15.2,5.2,14.4,630
9.0,1.7,19.1,631
20.0,0.1,19.4,632
13.0,0.0,12.4,633
14.6,8.6,10.1,634
12.5,6.2,34.5,635
19.4,0.0,15.3,636
13.3,0.0,13.4,637
17.0,0.0,8.1,638
21.7,0.1,8.9,639
19.8,0.0,6.2,640
15.2,5.6,24.3,641
17.4,0.0,12.8,642
19.1,7.0,18.1,643
13.3,0.0,20.6,644
12.7,20.2,16.7,645
17.7,0.3,17.2,646
17.2,0.2,14.0,647
14.0,0.0,12.5,648
17.5,0.0,14.0,649
21.2,0.6,12.0,650
18.2,1.3,5.6,651
22.2,0.0,12.1,652
14.8,0.0,19.0,653
7.6,0.1,18.7,654
17.6,0.0,10.3,655
20.6,4.1,16.8,656
14.0,2.3,13.4,657
17.5,0.4,11.6,658
14.2,1.2,18.4,659
17.8,0.9,15.8,660
17.3,0.4,28.9,661
17.6,0.0,13.5,662
17.7,1.6,6.8,663
12.8,0.0,16.1,664
9.6,0.0,11.9,665
16.6,0.0,13.1,666
20.6,1.4,15.5,667
12.1,0.0,14.2,668
17.8,0.1,9.0,669
11.0,2.1,19.5,670
15.2,3.1,28.8,671
16.5,4.6,12.5,672
15.4,0.1,15.9,673
14.3,34.4,12.9,674
18.4,0.0,6.3,675
16.8,0.8,17.9,676
6.4,2.2,21.7,677
15.1,0.0,16.8,678
20.3,5.3,15.0,679
14.0,0.0,9.7,680
13.9,0.4,24.1,681
12.9,0.0,14.3,682
20.0,2.3,13.3,683
15.8,0.2,17.3,684
12.7,0.0,10.9,685
19.6,8.5,11.1,686
14.9,0.6,8.0,687
8.4,0.5,15.5,688
12.5,0.0,14.0,689
18.0,0.0,9.0,690
16.8,22.7,11.3,691
20.0,1.7,10.8,692
14.5,3.6,17.8,693
17.0,0.0,27.6,694
12.6,0.6,18.6,695
19.9,0.3,7.7,696
7.4,0.0,14.0,697
14.8,0.0,11.3,698
22.9,0.2,22.1,699
15.0,0.7,10.1,700
14.5,8.0,14.3,701
16.4,7.9,12.1,702
14.2,0.8,20.7,703
16.5,0.0,16.8,704
10.2,0.2,14.8,705
13.8,7.7,8.3,706
8.7,0.1,26.1,707
10.9,0.0,16.6,708
18.3,0.1,12.4,709
17.6,0.0,21.9,710
15.4,4.2,20.0,711
15.7,0.0,15.6,712
15.1,5.5,28.5,713
12.7,2.2,25.5,714
14.5,12.3,10.6,715
18.6,8.8,10.1,716
12.1,0.0,17.4,717
14.5,0.0,9.0,718
18.1,0.5,7.0,719
16.6,7.6,10.8,720
14.0,0.1,27.4,721
16.3,0.2,14.9,722
17.0,0.2,13.8,723
17.4,5.6,23.1,724
15.7,0.0,9.4,725
14.0,0.0,16.3,726
13.5,4.5,12.0,727
24.8,0.0,17.0,728
9.9,1.1,36.9,729
16.0,8.8,10.4,730
15.6,0.1,12.8,731
17.9,0.0,16.7,732
14.4,2.7,33.7,733
14.2,20.5,16.0,734
18.2,1.5,7.9,735
10.7,0.0,17.1,736
21.2,0.0,34.9,737
16.7,0.0,9.3,738
11.6,0.0,19.0,739
16.7,2.5,22.6,740
25.0,0.0,9.0,741
12.9,22.2,33.9,742
16.6,1.5,14.7,743
16.9,0.0,7.1,744
15.0,0.0,8.0,745
26.2,0.0,22.4,746
18.5,5.2,9.9,747
19.3,3.5,24.0,748
17.9,4.3,15.5,749
18.2,0.3,17.2,750
13.5,0.2,16.0,751
14.8,0.1,19.0,752
18.7,0.1,15.8,753
19.5,3.5,7.7,754
11.5,0.0,12.0,755
17.1,0.6,11.2,756
23.2,9.4,9.7,757
12.3,0.0,16.7,758
23.3,0.0,11.8,759
17.3,3.7,21.0,760
17.5,3.7,15.6,761
24.0,0.0,23.1,762
18.4,0.0,7.3,763
19.8,1.0,25.2,764
18.8,0.0,20.2,765
17.4,0.0,9.4,766
11.7,21.4,33.9,767
19.3,0.0,14.1,768
15.4,0.0,13.5,769
17.4,0.9,9.3,770
17.9,0.0,15.9,771
11.6,0.0,10.7,772
18.0,0.2,14.2,773
19.3,0.0,6.9,774
19.9,0.0,15.5,775
22.9,0.0,27.7,776
16.3,1.4,18.4,777
19.8,1.3,9.7,778
21.4,3.4,17.4,779
14.0,11.1,19.8,780
15.0,0.0,10.5,781
22.1,0.0,13.0,782
19.1,0.0,7.6,783
27.0,2.2,17.3,784
15.9,1.3,8.0,785
24.8,6.7,25.8,786
12.0,0.2,17.9,787
17.9,3.4,18.6,788
14.5,0.5,13.8,789
11.2,8.2,11.4,790
18.8,4.8,12.4,791
27.5,0.0,10.7,792
16.6,0.0,12.4,793
14.0,0.6,23.3,794
12.9,0.0,11.3,795
16.0,3.8,23.0,796
16.3,0.0,11.4,797
17.3,7.9,10.5,798
23.5,0.0,18.3,799
23.0,0.7,21.7,800
20.1,2.2,10.2,801
15.2,1.3,24.6,802
14.2,12.1,30.0,803
11.8,0.9,10.2,804
12.0,33.7,12.7,805
20.2,0.5,8.3,806
17.1,0.0,18.0,807
22.5,0.0,20.8,808
25.8,0.0,23.7,809
12.2,0.0,27.1,810
18.6,0.1,10.8,811
18.0,0.0,14.7,812
15.1,6.7,21.7,813
12.8,0.3,10.1,814
12.2,0.8,7.4,815
17.4,0.0,9.7,816
11.8,0.0,10.4,817
15.9,0.0,14.3,818
14.0,3.7,28.3,819
22.4,4.1,13.0,820
17.4,0.4,21.8,821
17.0,0.0,20.2,822
15.9,7.5,25.1,823
17.1,10.2,9.8,824
11.2,18.0,8.2,825
19.1,0.0,7.2,826
17.3,13.2,13.4,827
14.5,0.0,13.8,828
13.8,0.2,9.5,829
18.1,0.0,13.6,830
20.8,0.0,6.6,831
13.6,0.0,11.3,832
11.2,0.0,20.4,833
20.4,0.0,17.3,834
20.2,4.4,12.6,835
18.6,0.0,6.1,836
14.9,0.0,16.0,837
19.9,0.0,11.8,838
18.4,0.0,7.9,839
15.5,0.0,14.0,841
25.0,31.2,7.4,842
14.1,0.0,10.9,843
11.0,0.0,15.4,844
20.0,0.0,13.8,845
19.3,0.0,8.2,846
15.3,23.5,18.7,847
25.8,0.0,18.5,848
15.5,0.6,11.4,849
9.4,7.1,20.1,850
15.8,1.9,21.6,851
12.2,0.5,24.2,852
22.8,0.1,6.6,853
27.3,2.6,12.0,854
17.6,0.0,9.9,855
17.1,0.1,26.3,856
22.4,0.0,9.0,857
22.7,0.0,12.7,858
19.5,14.4,13.5,859
17.3,0.0,15.6,860
25.8,9.9,10.1,861
15.4,0.0,12.0,862
24.0,0.0,16.8,863
18.5,2.1,13.3,864
18.2,3.3,8.7,865
20.1,0.0,8.4,866
25.6,0.0,19.8,867
14.7,13.0,15.1,868
15.3,0.0,13.4,869
24.7,7.1,13.2,870
13.3,0.0,8.5,871
21.4,0.0,6.4,872
26.8,5.9,10.6,873
20.3,0.0,17.6,874
17.4,0.0,17.7,875
21.1,0.0,9.5,876
27.9,0.0,21.7,877
14.5,0.0,14.6,878
17.9,16.2,22.4,879
14.7,0.9,28.9,880
26.2,6.3,8.7,881
17.7,0.0,20.9,882
25.4,0.0,39.5,883
14.9,2.3,15.2,884
13.9,0.0,10.7,885
18.0,0.3,19.9,886
16.5,0.0,25.2,887
17.9,0.0,14.7,888
28.1,0.0,16.6,890
14.8,2.7,11.4,891
21.0,8.2,14.2,892
28.2,1.7,16.4,893
22.3,2.7,21.2,894
19.5,0.0,19.3,895
23.9,0.0,12.3,896
28.8,0.0,19.7,897
24.1,0.0,19.4,898
18.4,9.4,16.8,899
16.1,0.7,21.3,900
26.8,3.3,12.6,901
22.4,0.0,23.7,902
14.8,0.0,15.1,903
18.0,0.0,20.6,904
17.5,0.3,8.7,905
21.3,0.0,13.2,906
17.6,0.2,7.0,907
15.4,0.0,18.4,908
23.4,1.6,16.3,909
22.5,6.3,14.5,910
11.1,0.3,16.4,911
20.3,0.0,8.7,912
27.1,1.2,12.9,913
20.0,18.1,15.5,914
20.0,0.0,5.7,915
16.3,0.0,21.1,916
19.2,1.4,16.5,917
23.7,0.0,17.3,918
17.4,0.2,9.8,931
16.1,0.0,20.4,932
24.8,0.0,33.4,929
20.0,0.0,17.9,930
13.9,0.0,16.9,928
15.4,0.3,21.2,926
26.8,2.6,8.9,927
12.0,2.7,11.8,933
16.6,0.5,24.2,934
22.6,0.0,25.8,936
18.4,10.3,25.1,937
17.3,0.0,12.4,938
27.4,3.3,10.1,939
22.2,1.0,10.7,940
14.5,0.4,9.7,941
16.7,8.2,30.2,942
15.3,7.1,6.5,943
21.2,1.2,15.4,944
24.2,0.0,20.9,945
15.8,0.0,17.3,948
20.0,0.0,13.8,949
16.5,1.5,19.9,950
13.1,0.0,9.3,951
15.8,0.0,14.1,952
18.2,11.2,15.0,953
12.2,1.3,27.1,954
26.1,0.0,30.1,955
14.1,1.8,8.8,956
17.5,1.3,27.5,957
23.3,0.1,10.4,958
20.8,1.8,15.2,959
21.9,0.2,20.4,960
23.3,0.0,7.3,961
27.5,6.8,14.6,962
28.2,0.0,14.7,963
20.2,17.0,26.2,964
20.8,0.0,15.1,965
13.6,1.6,13.8,966
16.9,17.0,14.4,967
24.3,0.0,20.8,968
20.2,0.0,11.6,969
11.9,6.9,23.5,970
26.0,0.0,41.1,971
17.8,0.0,10.5,972
19.0,0.1,13.7,973
23.9,0.0,10.0,974
23.8,0.3,36.5,975
23.7,0.0,25.7,976
21.9,0.4,9.2,977
19.0,1.6,19.8,978
24.0,0.0,13.3,979
18.1,0.3,11.5,980
17.6,0.0,18.9,981
27.4,14.5,22.2,982
26.1,14.3,11.1,983
20.9,0.0,9.7,984
21.3,36.9,28.5,985
15.7,0.1,16.0,986
19.2,0.0,15.6,987
23.7,0.0,23.2,988
19.9,5.2,39.8,989
26.4,0.0,22.5,990
13.2,0.0,15.2,991
15.5,0.5,45.8,992
12.8,23.5,19.5,993
24.1,0.4,20.6,994
15.1,0.0,13.0,995
19.6,0.0,15.1,996
14.6,0.0,12.3,997
22.4,0.0,20.3,998
21.7,2.1,13.2,999
27.5,0.0,19.1,1000
11.8,2.3,21.7,1001
17.6,2.1,5.9,1002
27.5,1.2,22.0,1003
19.2,0.0,13.9,1004
23.2,0.0,18.7,1005
16.9,0.0,20.1,1006
15.2,1.0,14.3,1007
20.3,1.6,20.4,1008
26.9,0.6,33.1,1009
19.1,0.0,15.2,1010
25.2,0.0,39.5,1011
14.1,0.0,20.6,1012
14.3,0.0,28.5,1013
15.6,0.0,22.3,1014
18.5,1.1,7.9,1015
19.9,0.0,15.3,1016
22.2,0.0,13.5,1017
23.2,0.0,11.4,1018
16.4,1.2,16.7,1019
21.3,11.7,18.7,1020
19.5,0.1,14.5,1021
15.2,0.2,16.2,1022
15.9,70.3,21.3,1023
28.9,0.0,23.9,1024
17.2,1.4,11.6,1025
19.9,0.0,46.7,1026
16.3,12.2,11.4,1027
13.4,0.0,19.1,1028
16.8,0.0,26.5,1029
24.0,0.0,20.6,1030
19.5,0.0,8.9,1031
14.6,0.0,11.5,1032
17.6,6.6,15.8,1033
16.8,0.0,18.0,1034
20.6,0.0,22.7,1035
24.0,2.6,14.7,1036
13.0,8.0,17.2,1037
21.1,4.8,14.1,1038
23.9,0.0,15.5,1039
23.6,0.0,10.9,1040
6.0,0.2,17.8,1041
16.0,3.5,27.1,1042
14.0,0.0,10.7,1043
10.3,0.5,12.4,1044
24.0,0.2,28.0,1045
22.6,0.0,30.8,1046
22.0,0.0,19.9,1047
9.1,0.7,15.6,1053
20.5,0.0,26.0,1074
21.6,0.0,43.3,1052
25.7,0.0,23.3,1051
13.4,0.0,24.4,1054
17.3,1.3,19.8,1055
18.3,0.0,20.6,1056
21.0,0.0,32.7,1057
19.6,4.9,8.8,1058
23.2,1.7,29.7,1059
17.8,2.0,9.9,1060
22.6,0.0,9.4,1061
24.8,0.6,25.2,1062
12.8,6.8,28.4,1063
16.6,0.0,15.3,1064
23.3,0.0,8.0,1065
15.0,1.6,14.2,1066
16.1,0.4,24.7,1067
24.6,0.7,19.4,1069
14.7,0.0,25.3,1070
16.4,0.0,30.7,1071
26.7,0.0,18.6,1072
23.6,0.0,18.6,1073
25.3,0.0,26.1,1075
21.1,0.0,27.7,1076
12.9,3.3,34.9,1077
26.2,2.0,13.2,1078
25.4,0.0,23.6,1079
22.1,3.4,16.9,1080
23.6,0.0,21.1,1081
15.8,0.0,26.2,1082
14.2,0.9,16.6,1083
15.6,3.9,17.3,1084
26.9,0.0,14.7,1085
18.4,7.9,29.5,1086
16.7,0.2,16.4,1087
19.6,1.8,15.8,1088
20.2,0.0,10.4,1089
26.2,17.0,12.8,1091
17.4,18.1,19.9,1092
24.7,0.6,34.4,1093
17.1,0.9,22.4,1094
19.9,0.4,24.2,1095
27.7,0.0,27.3,1096
24.7,0.0,17.3,1098
25.0,0.0,27.9,1099
12.4,0.0,17.9,1100
20.1,0.2,25.0,1101
24.0,1.9,25.6,1102
21.4,6.9,11.4,1104
18.7,10.8,12.0,1105
15.6,0.3,22.1,1106
17.9,0.3,11.6,1107
17.9,0.3,22.7,1108
23.0,0.0,16.4,1109
15.4,2.5,29.1,1110
16.0,3.4,29.7,1111
22.4,0.0,10.7,1112
28.6,2.7,15.4,1113
23.0,0.0,21.4,1114
32.8,0.0,26.0,1115
25.5,0.2,21.8,1116
17.2,0.0,18.2,1117
17.3,0.3,21.2,1118
14.0,0.0,51.1,1119
24.8,0.0,21.2,1120
16.7,0.0,14.8,1121
23.8,0.0,28.6,1122
15.9,0.0,20.4,1123
15.7,0.0,12.3,1124
16.1,4.6,11.3,1125
25.3,0.3,21.1,1126
18.3,0.2,10.4,1127
17.9,0.0,8.5,1128
16.2,4.4,25.6,1129
19.7,2.8,17.5,1130
22.7,0.0,13.8,1131
12.8,2.0,20.9,1132
24.1,0.2,10.9,1133
15.9,0.0,13.9,1134
17.3,5.5,36.4,1135
25.2,19.1,21.4,1136
23.1,0.0,25.9,1137
28.9,0.0,14.0,1138
22.9,0.0,13.1,1139
15.0,2.4,15.5,1140
20.1,17.9,15.2,1141
15.2,0.0,25.8,1142
19.8,0.0,28.6,1143
23.9,0.0,16.3,1144
